,monise,random,nc,pgen,norennen,NSGAII,NSGAIII,SPEA2,SMSdom
HV,0.8114616932966341,0.754904597288266,0.35971363720792643,0.6305571339667408,-1,0.670248100387115,0.13912468699856478,0.5797772367143487,0.5683910190839592
time,866.7362495111302,146.25566013902426,3714.157841848908,5277.771850295132,-1,3621.1175762671046,3832.348490264965,3627.185666059144,3733.3329032228794
Nsols,270,270,95,33,0,270,270,270,270
