,monise,random,nc,pgen,norennen,NSGAII,NSGAIII,SPEA2,SMSdom
HV,0.9773060523915248,0.9674064903319217,0.8520744355183407,0.9583847660583076,-1,0.8414687079128431,0.9408007974262578,0.9223379514488967,0.8291630392677243
time,355.17098785704,44.22166315186769,3612.197594251018,5075.683920501033,-1,3607.169305423042,3808.8993738559075,3610.0355793910567,3622.0461170449853
Nsols,190,190,42,28,0,190,190,190,190
