,monise,random,nc,pgen,rennen,NSGAII,NSGAIII,SPEA2,SMSdom
HV,0.8232111496907771,0.7872812153977218,0.776199737120802,0.7147479688289174,0.7969879181123953,0.760728621954996,0.5801016892953074,0.7341334675588644,0.5502785146793518
time,87.68461216404103,0.6842184499837458,14.741389824077487,148.92283298796974,3643.1153030849528,3600.773315337021,3600.5255056179594,3600.875895102974,3600.206095588859
Nsols,70,70,92,70,32,70,70,70,70
