,monise,random,nc,pgen,norennen,NSGAII,NSGAIII,SPEA2,SMSdom
HV,0.5698228946733349,0.5422640090167409,0.5146642430851146,0.44711631561342446,-1,0.3749073277958478,0.38860020385639965,0.366016515165003,0.10516558008883473
time,264.15278773591854,26.762452739058062,1073.4849409011658,3765.0997650399804,-1,3605.559214522131,3639.7928652341943,3610.9808413018472,3602.975022356026
Nsols,140,140,359,31,0,140,140,140,140
