,monise,random,nc,pgen,rennen,NSGAII,NSGAIII,SPEA2,SMSdom
emotions,21.797678614000006,2.0817843789999984,39.35925849600062,6.359313473998554,236.51091843200265,3600.107193408001,3600.1654173299994,3600.269205905999,3600.1449560330075
flags,32.7952009,0.3539850220000176,11.455693891999545,34.04603329800011,1091.6752465180034,3600.095805205001,3600.625735951,3600.3491746500004,3600.0458030090085
yeast,112.64686721200002,5.58160621899998,343.8744102660021,4461.421665999002,-1,3601.2148223059994,3612.8141749720016,3602.8477894269963,3603.24730133501
birds,174.08866311099996,4.877272963999985,3641.474849219998,4438.219784781999,-1,3602.8170041150006,3670.9200987500008,3602.690017009998,3600.6988611319975
genbase,249.01954938199992,9.899080594999987,3608.7891045529977,4978.387999949999,-1,3601.8158896650057,4096.980999693013,3605.964103050006,3821.4717805109976
