,monise,random,nc,pgen,rennen,NSGAII,NSGAIII,SPEA2,SMSdom
HV,0.7546080429859348,0.7252869377891985,0.5662204334965725,0.6618628446284283,0.7430186125780137,0.6054103948773493,0.5003074604461598,0.5770114218672203,0.462394073832693
time,67.96571294800378,7.276421756949276,78.13874173909426,31.614082822808996,3886.5618368820287,3600.488952395972,3602.540163272992,3601.507874388015,3600.4402711959556
Nsols,60,60,81,60,46,60,60,60,60
