,monise,random,nc,pgen,norennen,NSGAII,NSGAIII,SPEA2,SMSdom
HV,0.027729836116038763,0.026287778874098215,0.002101162615410633,0.014860983250237547,-1,0.0011211799911256281,3.100559555753726e-11,0.0002880335713240731,0.00015335749132358334
time,164.890626736,2.05535906099999,263.6326690120004,3885.384391484,-1,3600.1073549300017,3766.5073788619993,3602.302269120999,3602.8929595930094
Nsols,100,100,401,28,0,100,100,100,100
