,monise,random,nc,pgen,rennen,NSGAII,NSGAIII,SPEA2,SMSdom
HV,0.1411595887197433,0.1256292918987238,0.07225839706921099,0.11225532959031247,0.1002634497283882,0.11538419248894048,0.01737890686776856,0.006003661346843243,0.0009663457969064075
time,51.30151858400001,0.5301424829999632,10.468564413000422,3824.0609797689995,3667.466704219998,3600.081723911,3600.8872707260016,3600.2350269689996,3600.0426400580036
Nsols,50,50,76,41,15,50,50,50,50
