,monise,random,nc,pgen,norennen,NSGAII,NSGAIII,SPEA2,SMSdom
HV,0.0275607940205712,0.020661887517655457,0.00649143620442753,0.016637014187970083,-1,0.013901053697058054,6.566405293995169e-07,5.193060102941149e-07,1.7017796664322932e-11
time,109.22886871200001,0.85574455699998,119.10714781299976,5184.4982694189985,-1,3600.1251533020004,3613.0349125110006,3601.1438856269997,3600.0885213380097
Nsols,75,75,391,28,0,75,75,75,75
