,monise,random,nc,pgen,norennen,NSGAII,NSGAIII,SPEA2,SMSdom
HV,0.03729009989314127,0.04586431483382005,0.02710992451985101,0.03964784046632744,-1,0.011425563297647195,0.03247157835416632,0.017353155306966198,0.002402189830204839
time,59.13233890105039,0.39815436699427664,28.399421504000202,3621.6092304091435,-1,3600.092965163989,3601.223216963932,3600.2297815268394,3600.631304821931
Nsols,50,50,139,44,0,50,50,50,50
