,monise,random,nc,pgen,norennen,NSGAII,NSGAIII,SPEA2,SMSdom
HV,0.010534613693879003,0.015842974709360785,0.00025351219054815365,0.008170017712367663,-1,0.007141328506236771,0.008740363380347905,0.003165327722260993,0.001024197102566141
time,110.55154122300002,0.7122716899999659,1386.4262928749995,5313.034341809005,-1,3600.1929313889996,3615.930086831002,3601.377843493996,3633.284513052
Nsols,75,75,319,28,0,75,75,75,75
